region,h,config,cv_rmse_mean,rmse_2021,rmse_2022,rmse_2023,rmse_2024,rmse_2025
완도,1,수온만|스냅샷,0.3151505005127283,0.2651251101530255,0.36926913423146907,0.2915421983235329,0.32161613538039946,0.32819992447521457
완도,1,수온만|패턴,0.31527800189004707,0.2627412785596396,0.3631851393543339,0.301808748671281,0.31721948212498896,0.3314353607399921
완도,1,기온|스냅샷,0.309640561103628,0.26502634513560364,0.3589730615489112,0.3006668730199633,0.3047492672745332,0.3187872585391285
완도,1,기온|패턴,0.31115033871076403,0.25868656734129136,0.3620907828391899,0.3170199297044243,0.30169468752988304,0.31625972613903186
완도,1,기온+풍속|스냅샷,0.3097809539639871,0.26651118600511486,0.358224580352887,0.30121068626892544,0.3036992021284123,0.31925911506459587
완도,1,기온+풍속|패턴,0.31109648441884,0.2606287493346846,0.35618182574324087,0.3229741844608855,0.3019846026044969,0.31371305995089205
완도,1,기온+풍속+강수|스냅샷,0.3125131758348282,0.27837907240681004,0.3592256894291453,0.30135797706176504,0.30427433573650925,0.3193288045399111
완도,1,기온+풍속+강수|패턴,0.31912268360387763,0.2916363266965312,0.3571738829264846,0.32600295127293005,0.30319227711406094,0.3176079800093815
완도,2,수온만|스냅샷,0.547255833435674,0.46325982347234756,0.6595126555191063,0.522592014022008,0.5370812310666538,0.553833443098254
완도,2,수온만|패턴,0.547317705390072,0.4589468794753836,0.6502619555047122,0.5486494721618913,0.5289187487700997,0.549811471038273
완도,2,기온|스냅샷,0.545131509466829,0.46455641506250883,0.648629339264886,0.5385009325287039,0.5193580777120012,0.5546127827660446
완도,2,기온|패턴,0.5539722797515036,0.45762263708092527,0.6682211349632995,0.58223572201604,0.5195887948954175,0.542193109801836
완도,2,기온+풍속|스냅샷,0.5462226891568285,0.4675233342646199,0.6468799024636454,0.5407385538515017,0.5208272062201325,0.5551444489842426
완도,2,기온+풍속|패턴,0.5592725030972193,0.46096370012862614,0.6627939788575843,0.5944394160445621,0.5369380128955706,0.5412274075597534
완도,2,기온+풍속+강수|스냅샷,0.5480254502065511,0.47163979258496563,0.6471684163796502,0.5421278300669208,0.5215002775133497,0.5576909344878692
완도,2,기온+풍속+강수|패턴,0.5737809244187233,0.5002592866598947,0.6634233163390846,0.6017988149040416,0.5470889430380697,0.5563342611525264
완도,3,수온만|스냅샷,0.7097249189513671,0.5911568117234145,0.8323442067611279,0.678716718268961,0.6918485789660989,0.7545582790372335
완도,3,수온만|패턴,0.7105343984003626,0.589243712578923,0.8233417889888035,0.7105667222888157,0.6797326823847999,0.7497870857604707
완도,3,기온|스냅샷,0.7102457321087372,0.5921927427234371,0.8279264291602618,0.6946723400709786,0.6822392530101975,0.7541978955788111
완도,3,기온|패턴,0.7329349725178815,0.5969425661619872,0.8799250140132048,0.7589347037521817,0.6891288545457208,0.7397437241163136
완도,3,기온+풍속|스냅샷,0.7142577486781876,0.5983745698535184,0.8262929968062359,0.7010120116820102,0.6902986985055192,0.7553104665436541
완도,3,기온+풍속|패턴,0.7482001080680595,0.6011650207338591,0.8775416872197361,0.7876226521549299,0.7283535054204615,0.746317674811311
완도,3,기온+풍속+강수|스냅샷,0.7156758815125582,0.5994035529380621,0.8269506592087391,0.7051172672942629,0.6894790090380577,0.7574289190836693
완도,3,기온+풍속+강수|패턴,0.771891654110179,0.6539770131204703,0.8796119050660389,0.7991950431944784,0.7598499537235823,0.7668243554463251
완도,4,수온만|스냅샷,0.8504423284315381,0.6982805557921182,0.9956506610805922,0.787620017756014,0.8446359304253204,0.9260244771036458
완도,4,수온만|패턴,0.8499140406724495,0.6962431515571867,0.9890310443691668,0.8189684398884571,0.8316759966956919,0.9136515708517448
완도,4,기온|스냅샷,0.8551558921114513,0.700518691426785,0.9949579131649973,0.8001307847271786,0.8475592216826103,0.9326128495556849
완도,4,기온|패턴,0.8920888276930372,0.7164964544128656,1.0807853084858985,0.8768428966173525,0.8769150371632272,0.9094044417858425
완도,4,기온+풍속|스냅샷,0.8633564512623446,0.71189123342429,0.9943323618774897,0.8200830690668895,0.8583118926393298,0.9321636993037237
완도,4,기온+풍속|패턴,0.922223782993503,0.7168379146590517,1.0817484325270093,0.9362399222827203,0.9497635052899566,0.9265291402087776
완도,4,기온+풍속+강수|스냅샷,0.8638410078240728,0.7104735993411305,0.9952336846599937,0.8247761776733762,0.8562844904335872,0.9324370870122766
완도,4,기온+풍속+강수|패턴,0.9500887482486879,0.7678468338328168,1.083597503910418,0.9558112023437296,0.9927800195175068,0.9504081816389682
완도,5,수온만|스냅샷,0.9710425237436157,0.7989198087616302,1.1446698309320067,0.8407353693880549,0.9901995035105366,1.08068810612585
완도,5,수온만|패턴,0.968220816692196,0.7982693027886179,1.1378702915212484,0.8677176455572219,0.9738527645441057,1.063394079049786
완도,5,기온|스냅샷,0.9776121960138056,0.802951286950578,1.1481796954681056,0.8541371204421727,0.9970854282130048,1.0857074489951661
완도,5,기온|패턴,1.029073950247804,0.8287290676713064,1.2629688741217435,0.9391850692583431,1.0547001392684192,1.0597866009192072
완도,5,기온+풍속|스냅샷,0.9893783267328796,0.8131642523424141,1.1491839119587197,0.8924444360514985,1.004338347169078,1.0877606861426883
완도,5,기온+풍속|패턴,1.0718564873814975,0.8229467474992178,1.2590325297109086,1.0258928681019883,1.1591692445645403,1.092241047030832
완도,5,기온+풍속+강수|스냅샷,0.991190374913456,0.8146830209375572,1.1524572291486925,0.8982956608706002,1.0029665704377668,1.0875493931726632
완도,5,기온+풍속+강수|패턴,1.1068831725620634,0.8805980499076319,1.2587803091149812,1.059845230247988,1.212720594586064,1.1224716789536515
완도,6,수온만|스냅샷,1.0668640879170086,0.8953009546455303,1.270903057982633,0.858612964126945,1.1208868435121617,1.188616619317773
완도,6,수온만|패턴,1.0633306361261545,0.8990056403828405,1.2666593647611115,0.8771600892347826,1.1030727604857447,1.1707553257662935
완도,6,기온|스냅샷,1.0759784836715411,0.9038734282376991,1.2759816513404258,0.8697926835320807,1.135382427781227,1.1948622274662735
완도,6,기온|패턴,1.1385209385857076,0.939914235535949,1.4207068516285029,0.9461795311895015,1.2154875933427096,1.1703164812318743
완도,6,기온+풍속|스냅샷,1.0910386225910187,0.9098907566006913,1.280454318647202,0.9201230927608773,1.1443964714702013,1.2003284734761217
완도,6,기온+풍속|패턴,1.1973741238348201,0.926499759910237,1.4167448659678072,1.051838356896982,1.372913190654855,1.2188744457442193
완도,6,기온+풍속+강수|스냅샷,1.0946822644222025,0.9159951626239358,1.2849372961329149,0.9275499931125611,1.1448009748569374,1.2001278953846626
완도,6,기온+풍속+강수|패턴,1.2346117215049586,0.9846474408911505,1.4042774556093593,1.104037913415365,1.4212081617619317,1.2588876358469874
완도,7,수온만|스냅샷,1.1337181272460295,0.9692613116494178,1.3514192911934826,0.8868663273144853,1.2082356994680556,1.2528080066047063
완도,7,수온만|패턴,1.1287364349353133,0.9738037187822263,1.3497742989797585,0.8938870063715316,1.1925619651278405,1.2336551854152098
완도,7,기온|스냅샷,1.1456284167154922,0.9856431694811209,1.357970503520898,0.892523569044072,1.2273529579324494,1.2646518835989202
완도,7,기온|패턴,1.2089269930988784,1.0302093250466133,1.5132985582399354,0.9361411146645061,1.3247394879797416,1.2402464795635961
완도,7,기온+풍속|스냅샷,1.1632294573792863,0.9893593823502113,1.3679943760289637,0.9359294751942627,1.2469199127424655,1.2759441405805285
완도,7,기온+풍속|패턴,1.2803196771033645,1.0081099610943496,1.5117443025161126,1.0411833695638573,1.5393380875124514,1.3012226648300511
완도,7,기온+풍속+강수|스냅샷,1.1692574187930072,1.0006037760120912,1.3719749557701255,0.9464633347156657,1.251028675079443,1.2762163523877108
완도,7,기온+풍속+강수|패턴,1.3137307424654368,1.0692684275729571,1.4837577289040595,1.1088237929416904,1.5653850164274035,1.3414187464810736
여수,1,수온만|스냅샷,0.325100600253695,0.24561950127663215,0.3841463884999017,0.3000730580347894,0.31148218393681065,0.3841818695203414
여수,1,수온만|패턴,0.3265317784544333,0.24575529929563394,0.38688549385797066,0.300749419924418,0.3128539343191205,0.3864147448750232
여수,1,기온|스냅샷,0.3171822231531773,0.248174672855942,0.3706516151395579,0.2897461514963537,0.29617969959064283,0.3811589766833903
여수,1,기온|패턴,0.31771631760806623,0.24186620506004675,0.3816257926825313,0.28488904363929707,0.2970459587461329,0.38315458791232315
여수,1,기온+풍속|스냅샷,0.31678863285872166,0.24697458765009328,0.36963473962396587,0.28842505087239634,0.29523868975548384,0.3836700963916691
여수,1,기온+풍속|패턴,0.3208662604730364,0.2436479494540099,0.3803585451169743,0.292274311131539,0.3020120138318113,0.3860384828308475
여수,1,기온+풍속+강수|스냅샷,0.3168915933127929,0.24839208430518486,0.3693743976195129,0.2870479019743726,0.297071189461672,0.3825723932032222
여수,1,기온+풍속+강수|패턴,0.32213881847623893,0.24771718991526623,0.3795176708015389,0.2946584214790544,0.30188731948137176,0.3869134907039635
여수,2,수온만|스냅샷,0.5628725602753226,0.466583559200802,0.6226999525445757,0.48523966025233223,0.5817660533139586,0.6580735760649445
여수,2,수온만|패턴,0.565848775048768,0.46739556226264556,0.6324519234282343,0.4873483442371639,0.5823232781073625,0.6597247672084336
여수,2,기온|스냅샷,0.5486218346278074,0.47418123894440356,0.6020755683235232,0.466745328170025,0.5577852623758036,0.6423217753252821
여수,2,기온|패턴,0.5515817610650682,0.4603137541625561,0.6382773570884466,0.45811026812011396,0.5570000321496082,0.6442073938046162
여수,2,기온+풍속|스냅샷,0.5458514930262603,0.4700457995109223,0.6007533449174406,0.4636335625556053,0.5517486331076135,0.6430761250397206
여수,2,기온+풍속|패턴,0.5578765052964236,0.4593342062287821,0.6353923567216677,0.47390664796693205,0.5700421626089127,0.6507071529558238
여수,2,기온+풍속+강수|스냅샷,0.5462909478992041,0.4701939465695572,0.6008221606884956,0.4635193286786565,0.553908154168942,0.6430111493903692
여수,2,기온+풍속+강수|패턴,0.5658693857760599,0.47482473378759027,0.641073623262166,0.48626921366063575,0.5682293626629922,0.658949995506916
여수,3,수온만|스냅샷,0.7422420634672433,0.6545558468640187,0.774664862406156,0.5844949960187106,0.8219473427051778,0.8755472693421534
여수,3,수온만|패턴,0.7441172174192644,0.6565291801308237,0.7766965649348465,0.5868008126515017,0.8226862949124298,0.8778732344667199
여수,3,기온|스냅샷,0.7226265925096202,0.6581455706808946,0.7565789086635339,0.5652637673660893,0.7831273999398712,0.8500173158977123
여수,3,기온|패턴,0.7341358224031465,0.6369272267634032,0.8116160029620526,0.5638940297280295,0.7982557132223222,0.8599861393399241
여수,3,기온+풍속|스냅샷,0.720454671555374,0.6555836172401547,0.757098034835692,0.5626715177862927,0.7774613125206502,0.8494588753940805
여수,3,기온+풍속|패턴,0.7478245132616753,0.6355785661888301,0.8097298481114334,0.5853201327893591,0.8410604328882066,0.8674335863305473
여수,3,기온+풍속+강수|스냅샷,0.7209465208309691,0.6560516310094551,0.7570881660122272,0.5636820863639963,0.7783486121307036,0.8495621086384633
여수,3,기온+풍속+강수|패턴,0.7658366992061661,0.6830151673149535,0.8310829539354625,0.6004621317918392,0.836820941887504,0.8778023011010717
여수,4,수온만|스냅샷,0.883387242685924,0.8184010053793644,0.9029976542149902,0.6450406273732614,1.028748267341124,1.021748659120879
여수,4,수온만|패턴,0.884395010485733,0.8220337931023025,0.9027087027350303,0.645187491964757,1.0295722671884828,1.022472797438092
여수,4,기온|스냅샷,0.8659061438389012,0.8217626950062923,0.8898318751453757,0.6313252354193479,0.9839854406472696,1.0026254729762207
여수,4,기온|패턴,0.8926908449960248,0.8006005046449446,0.9611136637333695,0.6457449600638814,1.025176062136754,1.0308190344011747
여수,4,기온+풍속|스냅샷,0.8638794089426778,0.8235078833989458,0.8855757757227487,0.6350186127171186,0.9761157869830421,0.9991789858915332
여수,4,기온+풍속|패턴,0.9135492030237439,0.802942497489147,0.9461027339462539,0.6793884204246649,1.1064293639782754,1.0328829992803785
여수,4,기온+풍속+강수|스냅샷,0.864870999464272,0.8259724072157804,0.8856490762140466,0.6371825113646816,0.9763134499486971,0.9992375525781547
여수,4,기온+풍속+강수|패턴,0.9426020014350428,0.8968825102913377,0.9943917557501359,0.6937182012993557,1.0923979276018292,1.0356196122325558
여수,5,수온만|스냅샷,0.989859038465073,0.941242790708003,1.02933789005838,0.6707829068831801,1.1950465129801486,1.112885091695653
여수,5,수온만|패턴,0.9909695943239495,0.9453303599028954,1.0299626954896952,0.671174669874999,1.196101551500374,1.1122786948517835
여수,5,기온|스냅샷,0.974280956033765,0.9477603139299116,1.0220687430486455,0.6499077978237693,1.1491147253582235,1.1025532000082752
여수,5,기온|패턴,1.0161401757758344,0.9297104631757255,1.1051039573387262,0.671833641474671,1.2110495420811243,1.1630032748089256
여수,5,기온+풍속|스냅샷,0.9717807718971644,0.9496121685550287,1.0128610439014043,0.6585972131303399,1.1388449115626236,1.0989885223364249
여수,5,기온+풍속|패턴,1.046979327512026,0.9391927369983558,1.0792634225795448,0.7309148847670753,1.3227003001968916,1.1628252930182617
여수,5,기온+풍속+강수|스냅샷,0.9735059851058964,0.9557367362023533,1.0125184445907964,0.6585608586197356,1.141651124729304,1.0990627613872925
여수,5,기온+풍속+강수|패턴,1.0832440642976795,1.0791673052113517,1.1398392709159377,0.7417103885998678,1.30041835897223,1.1550849977890105
여수,6,수온만|스냅샷,1.0783371121424496,1.0418049024481102,1.1084589882522262,0.7170042413424621,1.3384801834250772,1.1859372452443722
여수,6,수온만|패턴,1.0793948886419633,1.0462060434460139,1.1080001161401556,0.7165254474386994,1.3405405429295796,1.1857022932553682
여수,6,기온|스냅샷,1.065793014279876,1.0482161327648485,1.1157735305146659,0.6852542292883331,1.2978696237438052,1.181851555087727
여수,6,기온|패턴,1.119619032121416,1.0410154816697885,1.208129532072736,0.6989183055203906,1.372633365200884,1.2773984761432802
여수,6,기온+풍속|스냅샷,1.0646285836622715,1.0523464248787218,1.1038662347635677,0.7006698807761389,1.2880658028916983,1.1781945750012308
여수,6,기온+풍속|패턴,1.1592417468935168,1.0527474446050917,1.176993073924379,0.7778022230177006,1.512690447402504,1.2759755455179091
여수,6,기온+풍속+강수|스냅샷,1.0666296167192886,1.0580790980460246,1.1038680568374042,0.7035932237008081,1.2893420863497909,1.1782656186624156
여수,6,기온+풍속+강수|패턴,1.2033897716123607,1.2317714226244867,1.2470408155433348,0.7866399374153268,1.481208914894899,1.270287767583756
여수,7,수온만|스냅샷,1.155678625779106,1.1266267591454469,1.167575199585304,0.7726846024782672,1.4675224953358657,1.2439840723506461
여수,7,수온만|패턴,1.1570326021101909,1.130434867158616,1.1682802093136704,0.7719995778614293,1.469107648519455,1.2453407076977838
여수,7,기온|스냅샷,1.1470123667328758,1.133313269860538,1.1852007765214214,0.7331951367701662,1.436347413293775,1.2470052372184781
여수,7,기온|패턴,1.2125209347737655,1.145459919639023,1.2887293226330518,0.7424720080939292,1.5129800405213067,1.3729633829815173
여수,7,기온+풍속|스냅샷,1.1507430379441466,1.1388338010971402,1.1800322158115357,0.7532552012318671,1.436686134523498,1.2449078370566917
여수,7,기온+풍속|패턴,1.2624961406704063,1.1669980861253963,1.2595928835517252,0.8268811442019893,1.6837793985757616,1.3752291908971581
여수,7,기온+풍속+강수|스냅샷,1.1527321313143286,1.143136594962879,1.1799646036819693,0.7609176203084298,1.4342151484809746,1.2454266891373906
여수,7,기온+풍속+강수|패턴,1.3078184489228968,1.3512961338500205,1.3453662417763574,0.841121129076698,1.6314731016227642,1.3698356382886443
통영,1,수온만|스냅샷,0.3950003770965405,0.2767374225214437,0.3951657892648031,0.42549904146333173,0.4115977806154686,0.4660018516176554
통영,1,수온만|패턴,0.3913223558624949,0.2694740095909854,0.38695659626239803,0.42434847399552883,0.41115748567012755,0.46467521379343474
통영,1,기온|스냅샷,0.3929026650030377,0.2784678812479926,0.39811901367233316,0.42001007696908677,0.40330678886044485,0.4646095642653311
통영,1,기온|패턴,0.3879015175156676,0.268937633666927,0.4106707397121192,0.4054479426856731,0.3991776377156578,0.45527363379796104
통영,1,기온+풍속|스냅샷,0.39351217485591433,0.2796142264463927,0.39884930785586103,0.4199327885986528,0.40437257763049117,0.4647919737481739
통영,1,기온+풍속|패턴,0.3902405839125061,0.2639248579895602,0.4115131468384178,0.4016950779414652,0.40397783103482665,0.4700920057582608
통영,1,기온+풍속+강수|스냅샷,0.39375901893244986,0.28548037722494873,0.3975480714102419,0.41804595893655183,0.40352809211382273,0.4641925949766842
통영,1,기온+풍속+강수|패턴,0.3888488735832935,0.2699007075563677,0.4078769880208315,0.39854562017389644,0.3989025065920674,0.4690185455733047
통영,2,수온만|스냅샷,0.6735787336910445,0.4533525548577759,0.6405474258778449,0.7347780452683806,0.7328383316244599,0.8063773108267609
통영,2,수온만|패턴,0.6564587674697997,0.42964867870748535,0.6102042372060651,0.7258953038188213,0.7249700216705369,0.7915755959460901
통영,2,기온|스냅샷,0.671713942300106,0.45411561873353096,0.6474255683764659,0.7295862124672929,0.7192592703835698,0.80818304153967
통영,2,기온|패턴,0.6636398136510724,0.4324280126837905,0.6722410747025762,0.7055787962383653,0.7151502788585852,0.7928009057720449
통영,2,기온+풍속|스냅샷,0.6668801832371664,0.44316349622592577,0.6488669834716212,0.7185897779566202,0.7116285394775943,0.8121521190540704
통영,2,기온+풍속|패턴,0.667183251400885,0.4126984395895241,0.6841050050989567,0.6991985717657965,0.7306614725278497,0.8092527680222983
통영,2,기온+풍속+강수|스냅샷,0.667548027039877,0.4437261867214182,0.6490566828343414,0.7200428965384482,0.712179892525699,0.8127344765794783
통영,2,기온+풍속+강수|패턴,0.6622440527515078,0.41228347894552925,0.6870763766472527,0.6924561504709892,0.7100736893987434,0.8093305682950243
통영,3,수온만|스냅샷,0.927915159128386,0.6440768188884839,0.8365649789866266,0.9793592197208065,1.0543540637533138,1.1252207142926998
통영,3,수온만|패턴,0.8854427772882157,0.5982430966499461,0.7698514215642136,0.9436264897343191,1.0306116138282422,1.0848812646643586
통영,3,기온|스냅샷,0.9268335858795153,0.6432385038226105,0.8526457355506868,0.9728639577367845,1.0355477337780647,1.1298719985094299
통영,3,기온|패턴,0.8995291859997658,0.6027036554864555,0.8762820651364899,0.9138909519215958,1.0174186578894977,1.0873505995647903
통영,3,기온+풍속|스냅샷,0.9210315562150033,0.6300922611615241,0.8543450948307312,0.9596370492735694,1.0212590906848864,1.139824285124305
통영,3,기온+풍속|패턴,0.9050141678900339,0.5748707023306822,0.8917824015695535,0.9111492551776138,1.0360634571505838,1.1112050232217363
통영,3,기온+풍속+강수|스냅샷,0.9214887917464054,0.6302877619335707,0.8543877533061847,0.9605517859619415,1.0218897881858162,1.1403268693445132
통영,3,기온+풍속+강수|패턴,0.8954369409271979,0.5828782611918804,0.8882484220501757,0.9014783150961169,0.9931985183233754,1.111381187974441
통영,4,수온만|스냅샷,1.1496479688841084,0.8225376738293425,1.0469430486824889,1.1380401903142958,1.3394797546976953,1.4012391768967192
통영,4,수온만|패턴,1.0838569639028073,0.7587948167015728,0.9514190012839977,1.0688207658005735,1.3040359202736074,1.3362143154542854
통영,4,기온|스냅샷,1.1469639858248786,0.826101490860844,1.0549034737559646,1.128824511902635,1.3118823303570213,1.4131081222479274
통영,4,기온|패턴,1.0957593137402226,0.7675286131868259,1.06294791848761,1.024195632315695,1.286371561430825,1.3377528432801566
통영,4,기온+풍속|스냅샷,1.1446157594873658,0.8162248421610974,1.0569161835381595,1.1306935596338576,1.2963588787719835,1.4228853333317302
통영,4,기온+풍속|패턴,1.105819997465262,0.7421412753611449,1.0761623623398449,1.042149010006361,1.2984461264073466,1.370201213211613
통영,4,기온+풍속+강수|스냅샷,1.1434845990732305,0.8155301107850081,1.0551634814405775,1.129609045182873,1.2946723063222862,1.4224480516354077
통영,4,기온+풍속+강수|패턴,1.0930336172372872,0.769242574785273,1.0615270399421484,1.0233676860887662,1.244458629638956,1.3665721557312929
통영,5,수온만|스냅샷,1.3414039148211174,0.9834138728184032,1.2298753854892088,1.3163130144737671,1.5896745880390677,1.5877427132851403
통영,5,수온만|패턴,1.2584705506653813,0.9098273837548705,1.1157493446087463,1.2129038226531415,1.5544620309814206,1.4994101713287284
통영,5,기온|스냅샷,1.3353789561295364,0.9896336915384952,1.2352767222242729,1.2979785450604542,1.553851760089446,1.6001540617350132
통영,5,기온|패턴,1.2703038949779089,0.9247861115174405,1.241437903604492,1.144178454751066,1.5349203569658278,1.5061966480507176
통영,5,기온+풍속|스냅샷,1.3306606862594925,0.9696034167919264,1.2468144509400758,1.2953547255627804,1.5265916147827716,1.614939223219908
통영,5,기온+풍속|패턴,1.2843376873350016,0.890370925459878,1.2546476984139,1.1812100224518451,1.5357480405738368,1.5597117497755488
통영,5,기온+풍속+강수|스냅샷,1.3284918706092281,0.9686724927930667,1.244063952169479,1.2944477745611649,1.52286656348095,1.6124085700414805
통영,5,기온+풍속+강수|패턴,1.264784898295932,0.9357857267348778,1.2339371161631894,1.16015898876518,1.457142697518584,1.536899962297828
통영,6,수온만|스냅샷,1.4784549415797001,1.103804006069671,1.360560240814788,1.4259585293685022,1.7977499161019095,1.70420201554363
통영,6,수온만|패턴,1.3880788438899843,1.026931116057728,1.2380280734461822,1.313412767698593,1.754813305003674,1.6072089572437436
통영,6,기온|스냅샷,1.467882969957938,1.1094449550755792,1.3609779721384587,1.39990854781599,1.7500528870927006,1.7190304876669615
통영,6,기온|패턴,1.4039726857409214,1.0476696237824112,1.3693253127295548,1.2281404215327798,1.7315466109637412,1.6431814596961194
통영,6,기온+풍속|스냅샷,1.4647399783430803,1.0848586355875358,1.3763359548459497,1.3979826593305023,1.7244315383469964,1.7400911036044175
통영,6,기온+풍속|패턴,1.4220640919971541,1.0061505199011758,1.3821973268040697,1.2713262062140882,1.7258386705588284,1.724807736507608
통영,6,기온+풍속+강수|스냅샷,1.4626111514803641,1.0834446561758564,1.3735134137613418,1.3954556077120441,1.723934852008364,1.7367072277442137
통영,6,기온+풍속+강수|패턴,1.3990754290155378,1.0850111070103776,1.3589500558676189,1.2469881047729012,1.6217945841188939,1.682633293307897
통영,7,수온만|스냅샷,1.563812580622763,1.186944489785757,1.4366915963396756,1.5062354757096799,1.937156683751877,1.752034657526825
통영,7,수온만|패턴,1.4781909905982005,1.1159440323249,1.3157599699990912,1.4064763223688879,1.8913616558736892,1.6614129724244342
통영,7,기온|스냅샷,1.5475446472180827,1.1923352580972746,1.4384926676256866,1.4671542121297394,1.8684394589357631,1.7713016393019496
통영,7,기온|패턴,1.503530546026975,1.1390062298765091,1.453256658092701,1.3090755301041483,1.8679259585161168,1.7483883535454006
통영,7,기온+풍속|스냅샷,1.5501504852252015,1.1720690779771799,1.454110421795087,1.4771611987105322,1.8521172901259118,1.7952944375172977
통영,7,기온+풍속|패턴,1.5238632953369984,1.105609275572896,1.4538488651534245,1.3590256283669524,1.8488376588216993,1.85199504877002
통영,7,기온+풍속+강수|스냅샷,1.5456546730571445,1.1673546187781347,1.451300265174579,1.4735021472970633,1.8474356205225149,1.788680713513431
통영,7,기온+풍속+강수|패턴,1.5004688749195196,1.2075682460310355,1.4427921890062947,1.3308685596142409,1.7259868396460833,1.7951285402999435
남해군,1,수온만|스냅샷,0.5215596070148938,0.4040735964491651,0.4765968968778824,0.5517174905895023,0.6055418739111239,0.5698681772467952
남해군,1,수온만|패턴,0.5239669631694616,0.40552589460640603,0.4771482597135058,0.54845880084322,0.6065670112236619,0.5821348494605143
남해군,1,기온|스냅샷,0.5150300392550479,0.3997147618469075,0.48155893470307715,0.5366426952927349,0.590519088492488,0.5667147159400319
남해군,1,기온|패턴,0.5254322829672236,0.4127993421316383,0.5108040878966439,0.539710526349342,0.5888562714664459,0.5749911869920475
남해군,1,기온+풍속|스냅샷,0.5139865071371844,0.39931733406783604,0.48870626030439557,0.5304314754564392,0.5862094993700805,0.5652679664871706
남해군,1,기온+풍속|패턴,0.5291842773680504,0.42488605213394054,0.5293452952132397,0.5285143025977427,0.5874657080159463,0.5757100288793829
남해군,1,기온+풍속+강수|스냅샷,0.5130859035208019,0.3997583200603221,0.4875502563650637,0.5280436588391649,0.5832509015177263,0.566826380821732
남해군,1,기온+풍속+강수|패턴,0.5247500966305925,0.41972141596905455,0.5289388221993787,0.5225785821471548,0.578861639379891,0.5736500234574834
남해군,2,수온만|스냅샷,0.7846298888303853,0.6393492954308722,0.7364604564336034,0.8251919708529216,0.8782185883162807,0.8439291331182492
남해군,2,수온만|패턴,0.7868367038624708,0.6447335106562023,0.73370706300169,0.8235242233027383,0.8834467039108422,0.8487720184408813
남해군,2,기온|스냅샷,0.7779695107149265,0.6582901116765124,0.7663758378810726,0.7936162404341262,0.8441563785169464,0.827408985065975
남해군,2,기온|패턴,0.7989438654298516,0.6980162003446337,0.8025141646271093,0.8061152288013073,0.846095531213919,0.8419782021622889
남해군,2,기온+풍속|스냅샷,0.7769396026924206,0.6606400681844915,0.7653107524532082,0.7843623496035523,0.8469714386381114,0.8274134045827387
남해군,2,기온+풍속|패턴,0.8111778309074319,0.7240843614956579,0.8364059990853094,0.7950077205607335,0.8520933113547758,0.8482977620406825
남해군,2,기온+풍속+강수|스냅샷,0.7776954726377279,0.6631948537666146,0.7653489594577606,0.7850258199834478,0.8470504882783776,0.8278572417024387
남해군,2,기온+풍속+강수|패턴,0.7966992583440983,0.7004220489700604,0.8423682552359836,0.7822255518369599,0.8302019184891665,0.828278517188321
남해군,3,수온만|스냅샷,0.9387788742202737,0.8084149312343768,0.8890702164769231,0.9505832936259735,1.0682930721946298,0.9775328575694654
남해군,3,수온만|패턴,0.9389149792881358,0.8081724555451317,0.887162824964725,0.9459260589749695,1.0729706834085226,0.980342873547331
남해군,3,기온|스냅샷,0.9363079628037194,0.8410712577228889,0.94937255786351,0.9048804025510377,1.0205911786443211,0.9656244172368393
남해군,3,기온|패턴,0.9598403265248516,0.9032753495719857,0.9747785943195455,0.9066772615118335,1.0132390202235948,1.0012314069972987
남해군,3,기온+풍속|스냅샷,0.9356722728157314,0.8462431409056714,0.9429280979702201,0.8994453071875569,1.0268510871221423,0.962893730893066
남해군,3,기온+풍속|패턴,0.9784474566315119,0.9368993513675524,1.0177064965140317,0.9132952231820674,1.0149224325904551,1.0094137795034532
남해군,3,기온+풍속+강수|스냅샷,0.9360217868674553,0.8512336721304534,0.9420905380074346,0.8982951555880342,1.0262826319141651,0.9622069366971892
남해군,3,기온+풍속+강수|패턴,0.9516027485933443,0.9127235116105804,1.0281091358120236,0.8849011896951638,0.9701949468699769,0.962084958978977
남해군,4,수온만|스냅샷,1.066691398630145,0.9411411353385853,1.0086979803892309,1.0713667004830099,1.272226401899207,1.040024775040692
남해군,4,수온만|패턴,1.0663366461802886,0.9332829609845603,1.0117014815238548,1.0687837947021877,1.2790072982666227,1.038907695424217
남해군,4,기온|스냅샷,1.0629900863784827,0.9831864386335825,1.0573875838014806,1.0271318706189727,1.2289402809202459,1.0183042579181327
남해군,4,기온|패턴,1.0957079877453908,1.068506551371148,1.0733747238087983,1.0239390603015386,1.2200955807902878,1.092624022455182
남해군,4,기온+풍속|스냅샷,1.063092223909744,0.9911639788845311,1.0504559141074583,1.022945150069484,1.2332579907017693,1.0176380857854777
남해군,4,기온+풍속|패턴,1.1170835208141312,1.0973397092018906,1.1409652131563424,1.035517679395259,1.2070206149997376,1.1045743873174276
남해군,4,기온+풍속+강수|스냅샷,1.0636683788674344,0.9917435175853511,1.0501109332591851,1.0243570970079416,1.2332815915899973,1.018848754894696
남해군,4,기온+풍속+강수|패턴,1.085300369462976,1.0866614850832832,1.15442050074639,0.9915561652886707,1.151858144812337,1.042005551384198
남해군,5,수온만|스냅샷,1.161540870744664,1.0050501429831284,1.107561226987678,1.1660704016602632,1.424465359751638,1.1045572223406133
남해군,5,수온만|패턴,1.1636794038242315,1.0104088440193906,1.1186101316006374,1.160365699602357,1.4292776213061513,1.099734722592622
남해군,5,기온|스냅샷,1.1560326142052708,1.0525938436897913,1.1582817353710697,1.1120072293712404,1.3725759282435848,1.0847043343506675
남해군,5,기온|패턴,1.2044675851946074,1.1770091180431228,1.173371089894221,1.1042815430187285,1.36506627447438,1.2026099005425854
남해군,5,기온+풍속|스냅샷,1.1584235643260465,1.0631495024021356,1.1558199932960194,1.1084744933468285,1.38104268861722,1.0836311439680293
남해군,5,기온+풍속|패턴,1.2306045953296434,1.202363460544231,1.2607642162518455,1.1218930986037583,1.3477072943724986,1.2202949068758828
남해군,5,기온+풍속+강수|스냅샷,1.1578542364028461,1.0653943362762572,1.153793373270808,1.1078538472621207,1.3802960503919748,1.0819335748130698
남해군,5,기온+풍속+강수|패턴,1.210447117539794,1.223112862741323,1.2759952153455452,1.0817640956171926,1.3128199786128298,1.1585434353820796
남해군,6,수온만|스냅샷,1.2473090744476987,1.060079600763538,1.1665374151384547,1.254086204898042,1.5691134448169304,1.1867287066215289
남해군,6,수온만|패턴,1.252825718312022,1.0755224462766757,1.181340303536312,1.250570789759799,1.5711469533159728,1.1855480986713502
남해군,6,기온|스냅샷,1.24437087571219,1.1062954553870035,1.2286589010743565,1.1927183412902942,1.5138450893841466,1.1803365914251491
남해군,6,기온|패턴,1.3059789243068187,1.2634246756294023,1.248326917878944,1.1737423727934295,1.5047383588119438,1.3396622964203744
남해군,6,기온+풍속|스냅샷,1.2497336929850351,1.1197980736688193,1.2335664717799035,1.1914436234683154,1.5256746911347772,1.1781856048733603
남해군,6,기온+풍속|패턴,1.3334071695670953,1.2948610831878904,1.3637321369990238,1.1921435979189334,1.4648920200810467,1.3514070096485815
남해군,6,기온+풍속+강수|스냅샷,1.2491181011054273,1.1191169537134686,1.2321541644550267,1.1901911107283567,1.5270558414026822,1.1770724352276023
남해군,6,기온+풍속+강수|패턴,1.313179254378467,1.3273532268578978,1.3809209728468603,1.1496304137278928,1.4257550110474813,1.282236647412203
남해군,7,수온만|스냅샷,1.3091323080791628,1.1053576975750041,1.2138906541801981,1.325396991048742,1.6622942411249844,1.2387219564668857
남해군,7,수온만|패턴,1.3184031889687915,1.1338202964408175,1.234080097017443,1.3235519551437531,1.6628211626085858,1.237742433633358
남해군,7,기온|스냅샷,1.3071646906243937,1.1445326308101436,1.2937681519722284,1.2498268563975807,1.597208726935052,1.2504870870069633
남해군,7,기온|패턴,1.3796403764690381,1.3267286554452615,1.3075962421488188,1.2297637241013863,1.5906832227884316,1.4434300378612934
남해군,7,기온+풍속|스냅샷,1.3154354211740054,1.1576520689183785,1.314505199282315,1.2469584404035299,1.6091475155676522,1.2489138816981515
남해군,7,기온+풍속|패턴,1.402040723366961,1.3600056128326519,1.4565325588561457,1.237076410920454,1.5139460278186205,1.4426430064069322
남해군,7,기온+풍속+강수|스냅샷,1.3119309021870555,1.1557303642239931,1.3101076132551333,1.240383757054299,1.6109486002210938,1.2424841761807592
남해군,7,기온+풍속+강수|패턴,1.3904275474722891,1.4084194439977387,1.4676636712370577,1.2070522438227007,1.4840164191352272,1.384985959168721
