region,h,config,n,rmse,rmse_25plus
완도,1,지속성(오늘값 유지),233,0.3594822218290618,0.3693623849670829
완도,1,수온만|스냅샷,233,0.32630361126624174,0.34640569542871436
완도,1,수온만|패턴,233,0.32708160457642343,0.3520542077634239
완도,1,기온|스냅샷,233,0.3141095717362349,0.33202447802846247
완도,1,기온|패턴,233,0.31397396464238386,0.33817941189846235
완도,1,기온+풍속|스냅샷,233,0.31313289000492645,0.33800656846496396
완도,1,기온+풍속|패턴,233,0.312916819990188,0.33940170920825097
완도,1,기온+풍속+강수|스냅샷,233,0.315639567777276,0.34120040291271214
완도,1,기온+풍속+강수|패턴,233,0.32166359079903956,0.35132011664915036
완도,2,지속성(오늘값 유지),232,0.6079218416188396,0.6223182465587846
완도,2,수온만|스냅샷,232,0.5409617234980597,0.5534735074806006
완도,2,수온만|패턴,232,0.5354198443024782,0.551926878471985
완도,2,기온|스냅샷,232,0.5299023778536268,0.5265852258580132
완도,2,기온|패턴,232,0.5299572657604118,0.5498726924710897
완도,2,기온+풍속|스냅샷,232,0.5335290924439664,0.5511757534093422
완도,2,기온+풍속|패턴,232,0.5383941330389572,0.5570614574053498
완도,2,기온+풍속+강수|스냅샷,232,0.5372413541923201,0.5564672009927661
완도,2,기온+풍속+강수|패턴,232,0.5609441015105269,0.5902887389771677
완도,3,지속성(오늘값 유지),231,0.8207007880767409,0.8592006788007172
완도,3,수온만|스냅샷,231,0.713662772670966,0.7498670519314852
완도,3,수온만|패턴,231,0.7095409134427073,0.7443751224076742
완도,3,기온|스냅샷,231,0.7102269853810906,0.7397664811290844
완도,3,기온|패턴,231,0.7228778141288084,0.7827346021793593
완도,3,기온+풍속|스냅샷,231,0.7243272257792374,0.7797189156511432
완도,3,기온+풍속|패턴,231,0.7345388104303175,0.7850515209016554
완도,3,기온+풍속+강수|스냅샷,231,0.7243913201717345,0.7798041451455662
완도,3,기온+풍속+강수|패턴,231,0.7712754326387663,0.8497323854128827
완도,4,지속성(오늘값 유지),231,1.0113854027523004,1.070724807269929
완도,4,수온만|스냅샷,231,0.8615833892754007,0.9235147047474573
완도,4,수온만|패턴,231,0.8550799073811295,0.9177860227718561
완도,4,기온|스냅샷,231,0.8701930902859394,0.9436611841676117
완도,4,기온|패턴,231,0.8935701137360259,1.0038749547441668
완도,4,기온+풍속|스냅샷,231,0.8828679299130315,0.972987313731239
완도,4,기온+풍속|패턴,231,0.8953524157117125,0.9834801069870193
완도,4,기온+풍속+강수|스냅샷,231,0.8808456472331329,0.9707376863351731
완도,4,기온+풍속+강수|패턴,231,0.9412948679749774,1.0674003670774042
완도,5,지속성(오늘값 유지),231,1.1850256175651708,1.2664402740524072
완도,5,수온만|스냅샷,231,0.9945274699548876,1.0709306071081715
완도,5,수온만|패턴,231,0.98409334313468,1.0618161299651165
완도,5,기온|스냅샷,231,1.0082800465744195,1.107837840228131
완도,5,기온|패턴,231,1.0330238662934281,1.1731465932485885
완도,5,기온+풍속|스냅샷,231,1.0143119855921827,1.1242453883547552
완도,5,기온+풍속|패턴,231,1.0218221617135217,1.1265262730123096
완도,5,기온+풍속+강수|스냅샷,231,1.0135843029939933,1.1229987989840748
완도,5,기온+풍속+강수|패턴,231,1.0662001637268954,1.201611659261293
완도,6,지속성(오늘값 유지),231,1.3280686103384247,1.4411856677861667
완도,6,수온만|스냅샷,231,1.0967074731024655,1.2023617331424674
완도,6,수온만|패턴,231,1.0867700646216294,1.1939748261506329
완도,6,기온|스냅샷,231,1.1160137897315825,1.2552095188609873
완도,6,기온|패턴,231,1.1514553089253292,1.3300080538157995
완도,6,기온+풍속|스냅샷,231,1.1188667426442234,1.2621951229683241
완도,6,기온+풍속|패턴,231,1.142934688667501,1.2825130309541972
완도,6,기온+풍속+강수|스냅샷,231,1.1204980201833858,1.265242926933439
완도,6,기온+풍속+강수|패턴,231,1.1831857839086855,1.345065210249389
완도,7,지속성(오늘값 유지),231,1.4440503402864409,1.5849341087352051
완도,7,수온만|스냅샷,231,1.1574271770892108,1.2904108708155022
완도,7,수온만|패턴,231,1.1494301603296495,1.2826190679046938
완도,7,기온|스냅샷,231,1.165497533669112,1.3225793749568473
완도,7,기온|패턴,231,1.2142497741626361,1.4159921219385563
완도,7,기온+풍속|스냅샷,231,1.163260441383402,1.3020305879104317
완도,7,기온+풍속|패턴,231,1.2095188311175002,1.357759100375749
완도,7,기온+풍속+강수|스냅샷,231,1.1680341532367449,1.310893886084773
완도,7,기온+풍속+강수|패턴,231,1.231587148966739,1.3941401668405307
여수,1,지속성(오늘값 유지),225,0.38884444190447154,0.42552939829958186
여수,1,수온만|스냅샷,225,0.345293136511872,0.3563165108448155
여수,1,수온만|패턴,225,0.3491669940605104,0.35492548000642216
여수,1,기온|스냅샷,225,0.3405672992498975,0.32436561973900396
여수,1,기온|패턴,225,0.34405989844753765,0.33368431254646125
여수,1,기온+풍속|스냅샷,225,0.3414659525784907,0.32482857134935417
여수,1,기온+풍속|패턴,225,0.349963205937859,0.3432091025209904
여수,1,기온+풍속+강수|스냅샷,225,0.34079855953767263,0.32318050282804817
여수,1,기온+풍속+강수|패턴,225,0.3527485844451678,0.3428293631070633
여수,2,지속성(오늘값 유지),223,0.667469621081937,0.7707697590755466
여수,2,수온만|스냅샷,223,0.6154091061607775,0.6838837233908373
여수,2,수온만|패턴,223,0.6180222468888376,0.6809954552705083
여수,2,기온|스냅샷,223,0.5983376482303281,0.61997571041484
여수,2,기온|패턴,223,0.6027349581775949,0.6486847181307777
여수,2,기온+풍속|스냅샷,223,0.5965104498405187,0.6196570858795882
여수,2,기온+풍속|패턴,223,0.6195899354016473,0.6803071305690139
여수,2,기온+풍속+강수|스냅샷,223,0.5972831449929686,0.6187943916598866
여수,2,기온+풍속+강수|패턴,223,0.625722966186808,0.6748602621371125
여수,3,지속성(오늘값 유지),222,0.8936210374417999,1.0542719581313578
여수,3,수온만|스냅샷,222,0.835526027191227,0.9727726749020985
여수,3,수온만|패턴,222,0.83706231173538,0.9644416813748682
여수,3,기온|스냅샷,222,0.8086439629089243,0.8910389844566892
여수,3,기온|패턴,222,0.8198755317962096,0.9460589659971763
여수,3,기온+풍속|스냅샷,222,0.8060491637838431,0.8897098780468236
여수,3,기온+풍속|패턴,222,0.8603260093197986,1.015232501605119
여수,3,기온+풍속+강수|스냅샷,222,0.8066992140083182,0.8893875835186642
여수,3,기온+풍속+강수|패턴,222,0.8631976168189687,0.9974324287555142
여수,4,지속성(오늘값 유지),221,1.0669659271001863,1.2628067354365153
여수,4,수온만|스냅샷,221,1.000217779274768,1.1894632881002667
여수,4,수온만|패턴,221,1.0000070592427814,1.178487296096337
여수,4,기온|스냅샷,221,0.9734945857716656,1.1058755174022508
여수,4,기온|패턴,221,0.9961307668749885,1.1907225484165664
여수,4,기온+풍속|스냅샷,221,0.9691631876360377,1.1023664324029323
여수,4,기온+풍속|패턴,221,1.0541089968844468,1.291618462576853
여수,4,기온+풍속+강수|스냅샷,221,0.9691958263367076,1.1023821231510378
여수,4,기온+풍속+강수|패턴,221,1.053137118077426,1.2632510266907295
여수,5,지속성(오늘값 유지),220,1.2040462087176194,1.4549877138009886
여수,5,수온만|스냅샷,220,1.1220737779742305,1.3820140065806117
여수,5,수온만|패턴,220,1.1231824345954442,1.3798684794280327
여수,5,기온|스냅샷,220,1.0977228622268478,1.297076552496445
여수,5,기온|패턴,220,1.1493450839499322,1.4229992909477973
여수,5,기온+풍속|스냅샷,220,1.0932863155580141,1.291775990608048
여수,5,기온+풍속|패턴,220,1.2253203157236288,1.5538918877704455
여수,5,기온+풍속+강수|스냅샷,220,1.094181085168271,1.2923513213800704
여수,5,기온+풍속+강수|패턴,220,1.227443579155299,1.53072831488406
여수,6,지속성(오늘값 유지),219,1.325306891314002,1.6154163217180635
여수,6,수온만|스냅샷,219,1.227553282236073,1.5305938940462056
여수,6,수온만|패턴,219,1.2297640568457513,1.5326255195807486
여수,6,기온|스냅샷,219,1.2083931026437658,1.4537288344981405
여수,6,기온|패턴,219,1.2887164333494923,1.6125017270904087
여수,6,기온+풍속|스냅샷,219,1.2100126952600547,1.4520697182322502
여수,6,기온+풍속|패턴,219,1.3872641888545565,1.7769387111226242
여수,6,기온+풍속+강수|스냅샷,219,1.2098473920469228,1.451873569986178
여수,6,기온+풍속+강수|패턴,219,1.3978730976715315,1.7600911688307082
여수,7,지속성(오늘값 유지),218,1.433303107568367,1.7739755486792452
여수,7,수온만|스냅샷,218,1.317764470604031,1.6725457582277627
여수,7,수온만|패턴,218,1.320970012132306,1.6755533156813447
여수,7,기온|스냅샷,218,1.3034408559675321,1.614702744542941
여수,7,기온|패턴,218,1.4009558234042303,1.7807562996213804
여수,7,기온+풍속|스냅샷,218,1.3192864178489905,1.6261377063420583
여수,7,기온+풍속|패턴,218,1.5357220094041113,1.9940424814091908
여수,7,기온+풍속+강수|스냅샷,218,1.3170113772384047,1.6232050312072017
여수,7,기온+풍속+강수|패턴,218,1.5674522523759866,1.9998945615759525
통영,1,지속성(오늘값 유지),230,0.5329572949691838,0.5412177627043171
통영,1,수온만|스냅샷,230,0.44006585653648767,0.40181555602460334
통영,1,수온만|패턴,230,0.4415996895073357,0.4144082066774625
통영,1,기온|스냅샷,230,0.43684130752177447,0.38058183605225226
통영,1,기온|패턴,230,0.4320227685975428,0.40073812514681256
통영,1,기온+풍속|스냅샷,230,0.43678570498850827,0.38220339152482385
통영,1,기온+풍속|패턴,230,0.44269722124867705,0.41585869402809195
통영,1,기온+풍속+강수|스냅샷,230,0.43611130394462094,0.3805813465034821
통영,1,기온+풍속+강수|패턴,230,0.44437753730534146,0.4091999380306952
통영,2,지속성(오늘값 유지),231,0.9301352133703545,1.0014275524755358
통영,2,수온만|스냅샷,231,0.7660485590213625,0.7511845454568712
통영,2,수온만|패턴,231,0.7611665883461658,0.7911875269594035
통영,2,기온|스냅샷,231,0.7601940916410099,0.712812846202694
통영,2,기온|패턴,231,0.7570189683935938,0.7739857865761844
통영,2,기온+풍속|스냅샷,231,0.7556734549448161,0.7121111193674339
통영,2,기온+풍속|패턴,231,0.7655555313181341,0.8047477759106958
통영,2,기온+풍속+강수|스냅샷,231,0.7573635012124864,0.7172446937656267
통영,2,기온+풍속+강수|패턴,231,0.7648209191455453,0.7772094047525674
통영,3,지속성(오늘값 유지),232,1.2754647564035573,1.4494826663330609
통영,3,수온만|스냅샷,232,1.073010076826942,1.1542163028072778
통영,3,수온만|패턴,232,1.049681415668118,1.2045512444861013
통영,3,기온|스냅샷,232,1.0674595400889733,1.0868362693652518
통영,3,기온|패턴,232,1.0420260827035424,1.172984525895593
통영,3,기온+풍속|스냅샷,232,1.0599113861554434,1.0837729290846114
통영,3,기온+풍속|패턴,232,1.039047265362175,1.1892442561834624
통영,3,기온+풍속+강수|스냅샷,232,1.0618605108603147,1.0888424668326937
통영,3,기온+풍속+강수|패턴,232,1.0270934513047258,1.120371811239128
통영,4,지속성(오늘값 유지),233,1.566672754378943,1.8352218437252412
통영,4,수온만|스냅샷,233,1.3337216477081666,1.5083444064754423
통영,4,수온만|패턴,233,1.2968127485331262,1.5705125937198745
통영,4,기온|스냅샷,233,1.3256716518963148,1.407106710073008
통영,4,기온|패턴,233,1.2814594232355343,1.51402677359787
통영,4,기온+풍속|스냅샷,233,1.3179005129567911,1.3990462890253863
통영,4,기온+풍속|패턴,233,1.269034586973565,1.4993271755828947
통영,4,기온+풍속+강수|스냅샷,233,1.3179127183996753,1.401347649623781
통영,4,기온+풍속+강수|패턴,233,1.249760414858356,1.3812515601325241
통영,5,지속성(오늘값 유지),234,1.8014951055677655,2.171272225429846
통영,5,수온만|스냅샷,234,1.5400969913295688,1.8712562218470128
통영,5,수온만|패턴,234,1.490972344168547,1.941797337759677
통영,5,기온|스냅샷,234,1.5252028240240945,1.7409048541431367
통영,5,기온|패턴,234,1.4654779693744868,1.848336148386826
통영,5,기온+풍속|스냅샷,234,1.5132107828395023,1.7164934956637068
통영,5,기온+풍속|패턴,234,1.4479671204120614,1.8027391246415077
통영,5,기온+풍속+강수|스냅샷,234,1.5114673472682334,1.7181718831894301
통영,5,기온+풍속+강수|패턴,234,1.4166363808683347,1.6431760690571047
통영,6,지속성(오늘값 유지),235,1.9851362566450714,2.4502213993148407
통영,6,수온만|스냅샷,235,1.6914932995348535,2.158403296662155
통영,6,수온만|패턴,235,1.637427008503695,2.220935841442745
통영,6,기온|스냅샷,235,1.6647974631412883,1.9978973664262696
통영,6,기온|패턴,235,1.60365931667391,2.0899885397530085
통영,6,기온+풍속|스냅샷,235,1.6541244847943806,1.9622593205353627
통영,6,기온+풍속|패턴,235,1.5902707470627238,2.019597104850148
통영,6,기온+풍속+강수|스냅샷,235,1.6524589662979354,1.9626359442028651
통영,6,기온+풍속+강수|패턴,235,1.5511603509331602,1.8201424006914442
통영,7,지속성(오늘값 유지),236,2.117961924082774,2.6858338935428794
통영,7,수온만|스냅샷,236,1.7797784457532273,2.3726166900075127
통영,7,수온만|패턴,236,1.7290361470245346,2.419214705841859
통영,7,기온|스냅샷,236,1.7378758554480989,2.1676899508313348
통영,7,기온|패턴,236,1.691288367917521,2.241794762730129
통영,7,기온+풍속|스냅샷,236,1.730308895492957,2.137359449478089
통영,7,기온+풍속|패턴,236,1.6818462097503648,2.1528638169869088
통영,7,기온+풍속+강수|스냅샷,236,1.7263265944046617,2.1347304882833056
통영,7,기온+풍속+강수|패턴,236,1.6383278114488768,1.9277787517708123
남해군,1,지속성(오늘값 유지),244,0.5952682271842518,0.5955644127186995
남해군,1,수온만|스냅샷,244,0.5858373573387312,0.595154769903307
남해군,1,수온만|패턴,244,0.5881660096338769,0.5925527999085879
남해군,1,기온|스냅샷,244,0.5798879869607494,0.5557345194276366
남해군,1,기온|패턴,244,0.5793917100308381,0.5557880495095368
남해군,1,기온+풍속|스냅샷,244,0.5749985239422553,0.5414208067210653
남해군,1,기온+풍속|패턴,244,0.580532902115495,0.5275694742629465
남해군,1,기온+풍속+강수|스냅샷,244,0.5736689965019249,0.5421051130588609
남해군,1,기온+풍속+강수|패턴,244,0.577223427161554,0.5312673147311554
남해군,2,지속성(오늘값 유지),244,0.869638138424988,0.918331820930394
남해군,2,수온만|스냅샷,244,0.8462334936248649,0.9020761997154577
남해군,2,수온만|패턴,244,0.8495632629362299,0.9128376041549584
남해군,2,기온|스냅샷,244,0.8271413019398848,0.8308848495998786
남해군,2,기온|패턴,244,0.8288699606346477,0.8208294129483273
남해군,2,기온+풍속|스냅샷,244,0.8250126229336502,0.8112062051993901
남해군,2,기온+풍속|패턴,244,0.8321049822979149,0.7808099135138166
남해군,2,기온+풍속+강수|스냅샷,244,0.8258934019805206,0.8128409580930009
남해군,2,기온+풍속+강수|패턴,244,0.8186462345350232,0.7768680865997787
남해군,3,지속성(오늘값 유지),244,1.0459915681570944,1.253902997553131
남해군,3,수온만|스냅샷,244,1.0061562356979425,1.1942639595345355
남해군,3,수온만|패턴,244,1.0090803716291041,1.2134097386341838
남해군,3,기온|스냅샷,244,0.974925149256973,1.0997392733796223
남해군,3,기온|패턴,244,0.9755887129849428,1.065483411410943
남해군,3,기온+풍속|스냅샷,244,0.977993303744556,1.0810241278350805
남해군,3,기온+풍속|패턴,244,0.9827127243909954,1.0334424120836894
남해군,3,기온+풍속+강수|스냅샷,244,0.9782204851494105,1.0813252448866286
남해군,3,기온+풍속+강수|패턴,244,0.9603172516619582,1.0224170436747524
남해군,4,지속성(오늘값 유지),244,1.2074902843854463,1.6217274740226857
남해군,4,수온만|스냅샷,244,1.1496840483933355,1.5062368637422188
남해군,4,수온만|패턴,244,1.1546840950713022,1.5300217733509338
남해군,4,기온|스냅샷,244,1.1152113889462882,1.4104453601854219
남해군,4,기온|패턴,244,1.1208254511703952,1.350697344959568
남해군,4,기온+풍속|스냅샷,244,1.1179249276183758,1.4093357411148575
남해군,4,기온+풍속|패턴,244,1.129094914018621,1.3237376540247383
남해군,4,기온+풍속+강수|스냅샷,244,1.1190211416615252,1.4119046017087833
남해군,4,기온+풍속+강수|패턴,244,1.10533682268084,1.3103587826194625
남해군,5,지속성(오늘값 유지),244,1.3508497629148895,1.9114487604004362
남해군,5,수온만|스냅샷,244,1.2610684521966153,1.7318182478315896
남해군,5,수온만|패턴,244,1.2671860288591164,1.754152681400493
남해군,5,기온|스냅샷,244,1.2235522900290932,1.629376361601362
남해군,5,기온|패턴,244,1.2399454459406967,1.5483377176159023
남해군,5,기온+풍속|스냅샷,244,1.2283256570500942,1.6315930832562087
남해군,5,기온+풍속|패턴,244,1.2535667175240073,1.5073144871995854
남해군,5,기온+풍속+강수|스냅샷,244,1.2280575747126286,1.6311654466474494
남해군,5,기온+풍속+강수|패턴,244,1.2558046987760152,1.512666487127713
남해군,6,지속성(오늘값 유지),244,1.4926459068642797,2.133605569751056
남해군,6,수온만|스냅샷,244,1.376082801800493,1.896784870679296
남해군,6,수온만|패턴,244,1.3813655615708809,1.9119848988982786
남해군,6,기온|스냅샷,244,1.342545405601406,1.7898778892114295
남해군,6,기온|패턴,244,1.3654650163105049,1.69442397143397
남해군,6,기온+풍속|스냅샷,244,1.3473598613726088,1.7977498308959121
남해군,6,기온+풍속|패턴,244,1.373625828798248,1.6465531377321014
남해군,6,기온+풍속+강수|스냅샷,244,1.3470138857919751,1.7963670940913226
남해군,6,기온+풍속+강수|패턴,244,1.3822410565279566,1.654845156755086
남해군,7,지속성(오늘값 유지),244,1.593904886398572,2.329097887530056
남해군,7,수온만|스냅샷,244,1.444112593575205,2.016830029167236
남해군,7,수온만|패턴,244,1.4520774007133823,2.0301288340813968
남해군,7,기온|스냅샷,244,1.4105200901818442,1.893362236733004
남해군,7,기온|패턴,244,1.4509745902215447,1.8045971047186387
남해군,7,기온+풍속|스냅샷,244,1.414143870084633,1.9011504681875573
남해군,7,기온+풍속|패턴,244,1.443613072380217,1.744735767315415
남해군,7,기온+풍속+강수|스냅샷,244,1.4105163578119722,1.8971474359027767
남해군,7,기온+풍속+강수|패턴,244,1.4646929458905351,1.7495744130688833
