code,name,최근접|직선,IDW|직선,크리깅|직선,최근접|바닷길,IDW|바닷길,크리깅|바닷길
bbdi5,부산 다대포,1.4844733601600244,1.2307541284865697,1.1090161553810955,1.4844733601600244,1.183930032204,1.0989700206902053
bcji5,추자도,3.092323909257132,3.3963374238103032,3.721100477676362,3.092323909257132,3.4574489077513317,3.614231723194597
bgui5,고흥 부아도,0.6847824996472999,0.6925197973020237,0.5994136272092353,0.6847824996472999,0.6900916352165981,0.6090937422971103
bjji5,진도 조도,0.8191950934257944,1.027517895270584,0.7817666818828417,0.8191950934257944,1.0400795474275781,0.8043639838927632
bjli5,진도 불무도,0.5666710390358717,1.0823623969222098,0.9550242915810988,0.5666710390358717,1.021357847227393,0.9450369675306548
bnsi5,남해 상주,2.26422838819449,1.6288130010404702,1.6212060934095862,2.26422838819449,1.2557001441030964,1.253043777638586
btdi5,통영 두미도,2.1321574970640658,1.660968169713164,1.840583516273112,2.1321574970640658,1.6518106650368345,1.6706486636485558
btei5,거제 해금강,1.0867080685398025,1.2768836045504763,1.1802005264986777,0.9989970380172372,1.1310410638677915,1.1137127488800354
bthi5,통영 한산도,1.1404490948442347,1.1473628411299035,1.1915450131820589,1.1400263406918563,1.248226110718896,1.2989734502987589
btji5,진해 잠도,1.4878354897112935,2.3851555062933834,2.1720156134885125,1.4815136778908853,2.3131924442323895,2.159584207662583
btyi5,통영 연화도,1.5631610295716767,1.6171474899822995,1.6305648264534367,1.5631610295716767,1.591545216080638,1.6226555028420406
byki5,여수 금오도,1.2290593590539045,0.9505446821155709,0.8512451396217546,1.2290593590539045,1.0321631431385834,0.8822909860354863
eng5c,남해 강진,2.2915959551932197,1.337018296829739,1.3576583925946355,2.2915959551932197,1.6387705265639687,1.525098022429879
fbdka,보성 동율,0.7067092851368448,1.4598305290185827,0.801808426536109,0.7108161429238196,1.5649566444082632,0.8118971301893306
fbhl7,보성 해평,0.4695197155081813,1.1689231699863785,0.9380501967554744,0.4695197155081813,1.5306814469072645,1.2179114109264078
fgdl4,고흥 동촌,0.6809413307256441,0.3889183106273505,0.3817665079742255,0.6809413307256441,0.377983367562011,0.3847901744014786
fgg4c,거제 가배,0.8165862567751789,0.8882280026521429,1.0040396986681592,0.8165862567751789,0.746980097861421,0.8578497645786971
fggm6,고흥 금산,0.9711859686961865,0.3704506914565188,0.3525055293038156,0.9711859686961865,0.3396225498337588,0.32512808482724176
fghk5,고흥 화도,0.3880062506902597,0.2713136017206782,0.37130568090313054,0.3880062506902597,0.26368463198757686,0.31272282538698903
fgim6,고흥 익금,0.8908838553458286,0.7511657781138852,0.5199420187526937,0.8908838553458286,0.7214308753972678,0.4713267985819022
fgjm6,고흥 지죽,0.682501747321934,0.5602052210376528,0.5965649273240365,0.683718328033655,0.5544836586239091,0.5693020963800092
fgmk6,강진 마량,0.2374991914129135,0.23624527138811355,0.24937437582105632,0.2374991914129135,0.24094106700609402,0.1891051940040641
fgnm6,고흥 남열,0.9391104583799895,0.9537075994264826,0.9758747443193003,0.9391104583799895,1.098395727899458,1.0150727071636938
fgpo4,고흥 발포,0.8789788732666576,0.3162864570032963,0.3383178678826876,0.7772698508578803,0.31765709174176104,0.34238866783151845
fgsj3,고흥 소록도,0.5542468407122952,0.6077937641191347,0.8382686770046562,0.5542468407122952,0.6858615673105817,0.9808501702125964
fgsl4,고흥 신촌,0.9711859686961865,1.2799001653524202,1.130445679113181,0.9711859686961865,1.2465948910958022,1.1138999438984825
fgsl6,강진 사초,0.7984184296442047,0.7963732392863921,0.40226631455385575,0.7984184296442047,0.8221359978287771,0.5003941177035528
fgso4,고흥 시산,0.6325782321422542,0.5086779683312803,0.54019142060632,0.6325782321422542,0.5229324355516544,0.5100469732731363
fgyl4,고흥 연소,1.2719891693687504,1.2251841206970535,0.9655318397228859,1.2719891693687504,1.1536329899518574,0.8272480589573448
fgym6,고흥 영남,0.9685071016807291,0.8818469816019191,0.9996789573144799,0.9685071016807291,0.5890223166845228,0.8378050530539762
fgyo4,고흥 염포,0.6153738020107107,0.6188961482914764,0.7200538674040725,0.6153738020107107,0.5228957107306328,0.6246700945734752
fhbl6,해남 북일,1.5041970426674156,1.4920196871768223,1.230989841502348,1.5041970426674156,1.517260669914502,1.3362400529439777
fhhfc,해남 화산,0.31139842340992946,0.28159330350095046,0.23486129370665762,0.31139842340992946,0.2929046355072252,0.23244032747229842
fhhk5,해남 학가,0.9968640720489813,1.0961127974481055,1.1429431403959072,0.9968640720489813,1.0075132689793092,1.0842309617899863
fhhl6,해남 황산,0.462456413152563,0.42467467036869067,0.2807190694191902,0.462456413152563,0.3982364500867358,0.26802728640164
fhno4,해남 남성,0.6730886722087497,0.5683519244553986,0.5944571281618585,0.9362103150993161,0.588567413376132,0.5129027047042843
fhom6,해남 옥동,0.2549127193874297,0.1427430615477828,0.11063001891068627,0.2549127193874297,0.1592347765318021,0.11608856926192752
fhsk5,해남 송호,0.37216127077023736,0.33651109007647084,0.584694710325903,0.38439697126619576,0.31791390672501363,0.4062088288825402
fhsk7,해남 상마,0.38022361841421687,0.4128433498054722,0.40799185571907226,0.38022361841421687,0.414839810746385,0.4136994382154344
fhsm6,해남 송지,0.536243313707128,0.7080171507375765,0.64211119348268,0.536243313707128,0.4542942792882481,0.3966235206492049
fhso4,해남 삼정,0.2582845890906939,0.3179432132909546,0.34702411967883334,0.2582845890906939,0.3108276813407832,0.3262558314948027
fhyk7,해남 어란,0.5434756235790684,0.872505952549175,0.8720974539601181,0.5434756235790684,1.0080915912910913,0.8203105876396415
fjdl4,진도 도목,1.1254321544396069,1.1551484967898955,1.1913234399513275,1.1254321544396069,1.1038381370962764,1.1383303229689803
fjgl6,진도 금갑,1.582619482449748,1.0685185407097293,0.5644035276830313,1.582619482449748,1.0203035388170805,0.5390090967702814
fjhk9,진도 회동,0.48413903117158325,0.2750939639961071,0.2659308134571322,0.48413903117158325,0.2788637575833035,0.26717969725807517
fjil6,장흥 이진목,1.0273311266079108,0.32201087375269966,0.39697630241457227,1.0273311266079108,0.3080247432454258,0.3653071409027079
fjmm6,진도 모도,1.0769222017264888,0.6795965265501686,0.6936233026757952,1.0769222017264888,0.6929667716886944,0.6906991016494977
fjnk6,장흥 내저,0.6930736561839402,0.4824437127723296,0.42617681533684526,0.681327457119656,0.46156937762492123,0.42308118508583853
fjnka,장흥 노력,0.72319853444167,0.9769895534134514,0.7975101128977979,0.72319853444167,1.0174079730681065,0.814922959910341
fjskb,장흥 사촌,1.7705355225426473,2.379168801484704,2.0520240320070378,1.7705355225426473,2.425892332275278,2.120658442146148
fjsm6,진도 신전,0.8310205917307928,0.6625308696075147,0.6331094006820674,0.8310205917307928,0.645485877533286,0.6404287243162943
fnm5b,남해 미조,2.2659368199778096,2.0411579189531954,2.0594700529102052,2.1674350886215668,1.870196807458642,1.983739842731119
fth59,통영 학림,0.9105479043046113,0.5362400587331442,0.5133769101792128,0.9105479043046113,0.4837650558517588,0.4692236585343663
ftp4c,통영 풍화,0.9028254071784836,0.8647209653420783,0.837387008530795,0.9028254071784836,0.8020500399005142,0.8027319125233405
ftsj3,통영 수월,0.9028254071784836,0.8587139594932699,0.8187008145970753,0.9028254071784836,0.8226469878996489,0.8030905332523083
fwao4,완도 당목,0.9805145298104454,0.45080115044273367,0.4854206526503704,0.9805145298104454,0.41342925916431794,0.42600096476577565
fwbf1,완도 백도,0.6438924865585678,0.3865515252712615,0.43421300968173193,0.7760064609249464,0.43456406172712786,0.5268417611224151
fwbl6,완도 방축,1.6892410116767607,1.2976321533178463,1.4249795401395249,1.6892410116767607,1.3249450520987247,1.36264762020312
fwdf1,완도 동백,0.36881882056691684,0.41602823754331497,0.33898847670631577,0.36881882056691684,0.41523758897393953,0.3600717106169781
fwdk7,완도 동촌,0.5225587667149587,0.5372617767431065,0.5776147682666894,0.5225587667149587,0.5136344266603362,0.5503093929453351
fwdo4,완도 덕동,0.681327457119656,0.453483798090302,0.34197935554867,0.681327457119656,0.575201130377915,0.39407363169493176
fwdo5,완도 대창,0.8545787956840414,0.559232900568773,0.5391514079462708,0.5786668539573113,0.5745315195165956,0.4897122249476163
fwgf1,완도 가교,0.24509282283102196,0.2238669603169953,0.23673971715896114,0.24509282283102196,0.2218732001312403,0.24624790802486027
fwgk5,완도 군외,1.9908125063053297,1.4919767429819104,1.5316182038815631,1.9908125063053297,1.2904574733808531,1.5598197390711892
fwgk8,완도 고마,1.0653517816217566,0.7315265651360522,0.8495421829444263,1.0653517816217566,0.75885130826071,0.8445534640615244
fwgm6,완도 가학,0.7144018673066332,0.46680589829957375,0.3943010908127384,0.7144018673066332,0.5250805014138272,0.4307340946555124
fwho4,완도 회룡,1.0142873938775525,0.5102292288863961,0.8189281112092698,1.013395606498595,0.6821232500606943,0.6221179812237068
fwih6,완도 일정,0.6839800351798216,0.5411452604661985,0.45939562237833226,0.6839800351798216,0.6034586994388755,0.43451478698809304
fwio4,완도 당인,0.9326750450859225,0.9527294566986227,0.9073153566021804,0.9326750450859225,0.8413024761490148,0.8701578392248098
fwjl6,완도 중도,0.5318128085971399,0.9356952507779012,0.5952693876163692,0.5318128085971399,0.6920474843643287,0.5511529777331388
fwmg3,완도 망남,0.5318128085971399,0.7976718256889956,0.7409499797170342,0.5318128085971399,0.8112176317084775,0.7554760860216108
fwmk5,완도 미라,0.636757031069398,0.5773495093377516,0.5416541587438427,0.6856117298506212,0.5217392748031537,0.540571600306799
fwmo4,완도 모동,0.8585594694639577,0.40027728324288536,0.4090876215846165,0.8585594694639577,0.4105252335701325,0.3882217708320766
fwnm6,완도 내리,2.5466057036290675,2.099168060261545,2.1626901814047828,2.5466057036290675,2.0269786241748884,2.066378276298372
fwsl6,완도 신흥,1.3848905581032378,0.9185023884860369,0.9564476626281303,1.3848905581032378,0.6565302252259243,0.6965183065378211
fwsm6,완도 송곡,1.0096831734773655,1.7652344509975169,1.6363574764287991,1.0007650812865312,1.0841616951410866,1.2024399155097008
fwso5,완도 사동,0.8165375187663286,0.7260253026197683,0.622479177602233,0.8165375187663286,0.6818020648301782,0.6719452149440782
fwyl6,완도 예송,0.7914921579305597,0.9167818530238229,0.9454237421202922,0.7751042588077156,0.838038878956729,0.7851832450213825
fwyo4,완도 양지,0.5099753556672892,0.6158261992741189,0.5578803406997729,0.5099753556672892,0.5225976299737729,0.45781956143182584
fwyo5,완도 감목,0.3340431649735911,0.42477855492975886,0.2756157402545052,0.3340431649735911,0.43669724494450624,0.3373591875039489
fybm6,여수 나발,0.5008890351978126,0.43089792745767447,0.4584237843372401,0.5008890351978126,0.4292732977469097,0.4563928076342566
fybo4,여수 백야,0.9491823375024367,0.43307175501213324,0.8573143623639599,0.9721934558548193,0.6068783057560132,0.550461724531353
fycm6,여수 덕촌,1.4169093318891368,2.034205602235444,1.9160014857708572,1.4170948479968368,1.8907641966943447,1.8282492814765765
fydl4,여수 대율,1.1868661451643971,1.2276421625823555,0.8983691494343178,1.1818668035249311,1.210890420627126,0.8701238698038292
fydo4,여수 돌산,0.7922395108948751,0.6315233722638766,0.6095515660866392,0.8915986134083509,0.5405889352826915,0.5331473937927745
fygl4,여수 군내,0.8640803687857571,0.34932213958120223,0.5081453756001199,0.8640803687857571,0.3484534758560606,0.45290690861791083
fyhl7,여수 항대,1.638579275482893,1.0976448213304457,1.0632188703132701,1.638579275482893,1.1234160764888466,1.0051914021857271
fyhm6,여수 화산,1.0243456891641076,0.5899482014620961,0.4674620981435624,1.0243456891641076,0.5232218267992074,0.35985583602082355
fyho5,여수 화태,0.5062219431610062,0.3604717721838722,0.41152865263202454,0.5062219431610062,0.36185195326979785,0.4028595643838606
fyjo4,여수 중앙,0.5776302795144245,0.5471128065435723,0.44873017806614884,0.8067458530871753,0.471160978654064,0.5079226775101692
fynm6,여수 나진,2.7846239219579245,2.190406709409935,1.8000535128954047,2.784344403428943,2.506654258958867,2.270133400118146
fysk9,여수 신월2,0.8088966516826784,0.7790977209944676,0.6490167343050224,1.2960048025666657,0.9118912048944625,0.8251689005868804
fysl4,여수 송고,0.723113767761865,0.4807541894996539,0.49594535669664175,0.723113767761865,0.4827593093771025,0.48435916991250194
fywo4,여수 월호,0.5075756693432908,0.5269852292867124,0.49428847298471046,0.5075756693432908,0.523008364325661,0.4809235203931854
fyym6,여수 여자,0.8283757006152842,1.0259414896625465,0.6912495422773702,1.6591512106272976,1.9032743306147837,1.7861132477749224
gi086,거제 일운,1.0011221604332297,0.7901239916798573,0.7929193298609987,1.0011221604332297,0.8339334692262445,0.9181592634394953
km001,여수 신월,1.3167963274462118,1.1067553583954133,1.223243700940907,1.3167963274462118,1.095445278217542,1.2174133991271525
tb087,통영 비산도,0.7513201496120776,0.6960646310405993,0.6598055191238398,0.8165862567751789,0.7087711750206489,0.6306647890289601
ty004,통영 영운,0.9035587176074301,0.7798866445166163,0.7865529154474851,0.9035587176074301,0.8160383667942099,0.6962303232615796
ty005,통영 사량,1.0100527947584947,0.8863376671573602,1.2849580790029573,1.0100527947584947,0.9456684067610572,1.1798507736022097
wc001,완도 청산,1.3848905581032378,1.1812681267212226,1.1445742504582797,0.8808807068338658,1.093361390497968,1.079765387428302
wk094,완도 금일,0.8071678545105666,0.6472830105791428,0.7099614515273622,0.7560622028939212,1.002102199038594,0.805629264394139
wn087,완도 노화도,1.993016359102522,1.4528495849944787,1.5572049003058994,2.00831740464853,1.4524238183616505,1.4972260778304185
