region_code,region,base_date,base_time,forecast_datetime,category,value,nx,ny
wando,완도,20260917,1100,2026-09-17 12:00:00,TMP,25,55,57
wando,완도,20260917,1100,2026-09-17 12:00:00,WSD,6,55,57
wando,완도,20260917,1100,2026-09-17 12:00:00,PCP,강수없음,55,57
wando,완도,20260917,1100,2026-09-17 13:00:00,TMP,25,55,57
wando,완도,20260917,1100,2026-09-17 13:00:00,WSD,6,55,57
wando,완도,20260917,1100,2026-09-17 13:00:00,PCP,강수없음,55,57
wando,완도,20260917,1100,2026-09-17 14:00:00,TMP,25,55,57
wando,완도,20260917,1100,2026-09-17 14:00:00,WSD,6,55,57
wando,완도,20260917,1100,2026-09-17 14:00:00,PCP,강수없음,55,57
wando,완도,20260917,1100,2026-09-17 15:00:00,TMP,25,55,57
wando,완도,20260917,1100,2026-09-17 15:00:00,WSD,5.7,55,57
wando,완도,20260917,1100,2026-09-17 15:00:00,PCP,강수없음,55,57
wando,완도,20260917,1100,2026-09-17 16:00:00,TMP,24,55,57
wando,완도,20260917,1100,2026-09-17 16:00:00,WSD,5.8,55,57
wando,완도,20260917,1100,2026-09-17 16:00:00,PCP,강수없음,55,57
wando,완도,20260917,1100,2026-09-17 17:00:00,TMP,23,55,57
wando,완도,20260917,1100,2026-09-17 17:00:00,WSD,4.5,55,57
wando,완도,20260917,1100,2026-09-17 17:00:00,PCP,강수없음,55,57
wando,완도,20260917,1100,2026-09-17 18:00:00,TMP,22,55,57
wando,완도,20260917,1100,2026-09-17 18:00:00,WSD,4.2,55,57
wando,완도,20260917,1100,2026-09-17 18:00:00,PCP,강수없음,55,57
wando,완도,20260917,1100,2026-09-17 19:00:00,TMP,21,55,57
wando,완도,20260917,1100,2026-09-17 19:00:00,WSD,3.5,55,57
wando,완도,20260917,1100,2026-09-17 19:00:00,PCP,강수없음,55,57
wando,완도,20260917,1100,2026-09-17 20:00:00,TMP,21,55,57
wando,완도,20260917,1100,2026-09-17 20:00:00,WSD,4.4,55,57
wando,완도,20260917,1100,2026-09-17 20:00:00,PCP,강수없음,55,57
wando,완도,20260917,1100,2026-09-17 21:00:00,TMP,21,55,57
wando,완도,20260917,1100,2026-09-17 21:00:00,WSD,4.5,55,57
wando,완도,20260917,1100,2026-09-17 21:00:00,PCP,강수없음,55,57
wando,완도,20260917,1100,2026-09-17 22:00:00,TMP,21,55,57
wando,완도,20260917,1100,2026-09-17 22:00:00,WSD,3.9,55,57
wando,완도,20260917,1100,2026-09-17 22:00:00,PCP,강수없음,55,57
wando,완도,20260917,1100,2026-09-17 23:00:00,TMP,21,55,57
wando,완도,20260917,1100,2026-09-17 23:00:00,WSD,3.4,55,57
wando,완도,20260917,1100,2026-09-17 23:00:00,PCP,강수없음,55,57
wando,완도,20260917,1100,2026-09-18 00:00:00,TMP,21,55,57
wando,완도,20260917,1100,2026-09-18 00:00:00,WSD,4,55,57
wando,완도,20260917,1100,2026-09-18 00:00:00,PCP,강수없음,55,57
wando,완도,20260917,1100,2026-09-18 01:00:00,TMP,21,55,57
wando,완도,20260917,1100,2026-09-18 01:00:00,WSD,3.7,55,57
wando,완도,20260917,1100,2026-09-18 01:00:00,PCP,강수없음,55,57
wando,완도,20260917,1100,2026-09-18 02:00:00,TMP,21,55,57
wando,완도,20260917,1100,2026-09-18 02:00:00,WSD,3.6,55,57
wando,완도,20260917,1100,2026-09-18 02:00:00,PCP,강수없음,55,57
wando,완도,20260917,1100,2026-09-18 03:00:00,TMP,20,55,57
wando,완도,20260917,1100,2026-09-18 03:00:00,WSD,3.9,55,57
wando,완도,20260917,1100,2026-09-18 03:00:00,PCP,강수없음,55,57
wando,완도,20260917,1100,2026-09-18 04:00:00,TMP,20,55,57
wando,완도,20260917,1100,2026-09-18 04:00:00,WSD,3.9,55,57
wando,완도,20260917,1100,2026-09-18 04:00:00,PCP,강수없음,55,57
wando,완도,20260917,1100,2026-09-18 05:00:00,TMP,19,55,57
wando,완도,20260917,1100,2026-09-18 05:00:00,WSD,3.8,55,57
wando,완도,20260917,1100,2026-09-18 05:00:00,PCP,1mm 미만,55,57
wando,완도,20260917,1100,2026-09-18 06:00:00,TMP,19,55,57
wando,완도,20260917,1100,2026-09-18 06:00:00,WSD,3.4,55,57
wando,완도,20260917,1100,2026-09-18 06:00:00,PCP,1mm 미만,55,57
wando,완도,20260917,1100,2026-09-18 07:00:00,TMP,19,55,57
wando,완도,20260917,1100,2026-09-18 07:00:00,WSD,3.6,55,57
wando,완도,20260917,1100,2026-09-18 07:00:00,PCP,1mm 미만,55,57
wando,완도,20260917,1100,2026-09-18 08:00:00,TMP,19,55,57
wando,완도,20260917,1100,2026-09-18 08:00:00,WSD,4.4,55,57
wando,완도,20260917,1100,2026-09-18 08:00:00,PCP,2.0mm,55,57
wando,완도,20260917,1100,2026-09-18 09:00:00,TMP,19,55,57
wando,완도,20260917,1100,2026-09-18 09:00:00,WSD,5.1,55,57
wando,완도,20260917,1100,2026-09-18 09:00:00,PCP,2.0mm,55,57
wando,완도,20260917,1100,2026-09-18 10:00:00,TMP,20,55,57
wando,완도,20260917,1100,2026-09-18 10:00:00,WSD,5.3,55,57
wando,완도,20260917,1100,2026-09-18 10:00:00,PCP,2.0mm,55,57
wando,완도,20260917,1100,2026-09-18 11:00:00,TMP,20,55,57
wando,완도,20260917,1100,2026-09-18 11:00:00,WSD,4.9,55,57
wando,완도,20260917,1100,2026-09-18 11:00:00,PCP,1mm 미만,55,57
wando,완도,20260917,1100,2026-09-18 12:00:00,TMP,20,55,57
wando,완도,20260917,1100,2026-09-18 12:00:00,WSD,3.9,55,57
wando,완도,20260917,1100,2026-09-18 12:00:00,PCP,1mm 미만,55,57
wando,완도,20260917,1100,2026-09-18 13:00:00,TMP,21,55,57
wando,완도,20260917,1100,2026-09-18 13:00:00,WSD,4.2,55,57
wando,완도,20260917,1100,2026-09-18 13:00:00,PCP,2.0mm,55,57
wando,완도,20260917,1100,2026-09-18 14:00:00,TMP,21,55,57
wando,완도,20260917,1100,2026-09-18 14:00:00,WSD,5,55,57
wando,완도,20260917,1100,2026-09-18 14:00:00,PCP,1mm 미만,55,57
wando,완도,20260917,1100,2026-09-18 15:00:00,TMP,21,55,57
wando,완도,20260917,1100,2026-09-18 15:00:00,WSD,5.2,55,57
wando,완도,20260917,1100,2026-09-18 15:00:00,PCP,강수없음,55,57
wando,완도,20260917,1100,2026-09-18 16:00:00,TMP,22,55,57
wando,완도,20260917,1100,2026-09-18 16:00:00,WSD,4.5,55,57
wando,완도,20260917,1100,2026-09-18 16:00:00,PCP,강수없음,55,57
wando,완도,20260917,1100,2026-09-18 17:00:00,TMP,21,55,57
wando,완도,20260917,1100,2026-09-18 17:00:00,WSD,5.1,55,57
wando,완도,20260917,1100,2026-09-18 17:00:00,PCP,강수없음,55,57
wando,완도,20260917,1100,2026-09-18 18:00:00,TMP,20,55,57
wando,완도,20260917,1100,2026-09-18 18:00:00,WSD,5.1,55,57
wando,완도,20260917,1100,2026-09-18 18:00:00,PCP,강수없음,55,57
wando,완도,20260917,1100,2026-09-18 19:00:00,TMP,20,55,57
wando,완도,20260917,1100,2026-09-18 19:00:00,WSD,4.4,55,57
wando,완도,20260917,1100,2026-09-18 19:00:00,PCP,강수없음,55,57
wando,완도,20260917,1100,2026-09-18 20:00:00,TMP,20,55,57
wando,완도,20260917,1100,2026-09-18 20:00:00,WSD,3.9,55,57
wando,완도,20260917,1100,2026-09-18 20:00:00,PCP,강수없음,55,57
wando,완도,20260917,1100,2026-09-18 21:00:00,TMP,20,55,57
wando,완도,20260917,1100,2026-09-18 21:00:00,WSD,4,55,57
wando,완도,20260917,1100,2026-09-18 21:00:00,PCP,강수없음,55,57
wando,완도,20260917,1100,2026-09-18 22:00:00,TMP,20,55,57
wando,완도,20260917,1100,2026-09-18 22:00:00,WSD,4,55,57
wando,완도,20260917,1100,2026-09-18 22:00:00,PCP,강수없음,55,57
wando,완도,20260917,1100,2026-09-18 23:00:00,TMP,19,55,57
wando,완도,20260917,1100,2026-09-18 23:00:00,WSD,3.7,55,57
wando,완도,20260917,1100,2026-09-18 23:00:00,PCP,강수없음,55,57
wando,완도,20260917,1100,2026-09-19 00:00:00,TMP,19,55,57
wando,완도,20260917,1100,2026-09-19 00:00:00,WSD,4.2,55,57
wando,완도,20260917,1100,2026-09-19 00:00:00,PCP,강수없음,55,57
wando,완도,20260917,1100,2026-09-19 01:00:00,TMP,19,55,57
wando,완도,20260917,1100,2026-09-19 01:00:00,WSD,3.9,55,57
wando,완도,20260917,1100,2026-09-19 01:00:00,PCP,강수없음,55,57
wando,완도,20260917,1100,2026-09-19 02:00:00,TMP,19,55,57
wando,완도,20260917,1100,2026-09-19 02:00:00,WSD,3.5,55,57
wando,완도,20260917,1100,2026-09-19 02:00:00,PCP,강수없음,55,57
wando,완도,20260917,1100,2026-09-19 03:00:00,TMP,19,55,57
wando,완도,20260917,1100,2026-09-19 03:00:00,WSD,3.3,55,57
wando,완도,20260917,1100,2026-09-19 03:00:00,PCP,강수없음,55,57
wando,완도,20260917,1100,2026-09-19 04:00:00,TMP,19,55,57
wando,완도,20260917,1100,2026-09-19 04:00:00,WSD,2.7,55,57
wando,완도,20260917,1100,2026-09-19 04:00:00,PCP,강수없음,55,57
wando,완도,20260917,1100,2026-09-19 05:00:00,TMP,18,55,57
wando,완도,20260917,1100,2026-09-19 05:00:00,WSD,2.5,55,57
wando,완도,20260917,1100,2026-09-19 05:00:00,PCP,강수없음,55,57
wando,완도,20260917,1100,2026-09-19 06:00:00,TMP,18,55,57
wando,완도,20260917,1100,2026-09-19 06:00:00,WSD,2.5,55,57
wando,완도,20260917,1100,2026-09-19 06:00:00,PCP,강수없음,55,57
wando,완도,20260917,1100,2026-09-19 07:00:00,TMP,19,55,57
wando,완도,20260917,1100,2026-09-19 07:00:00,WSD,2.6,55,57
wando,완도,20260917,1100,2026-09-19 07:00:00,PCP,강수없음,55,57
wando,완도,20260917,1100,2026-09-19 08:00:00,TMP,20,55,57
wando,완도,20260917,1100,2026-09-19 08:00:00,WSD,3.8,55,57
wando,완도,20260917,1100,2026-09-19 08:00:00,PCP,강수없음,55,57
wando,완도,20260917,1100,2026-09-19 09:00:00,TMP,22,55,57
wando,완도,20260917,1100,2026-09-19 09:00:00,WSD,4.8,55,57
wando,완도,20260917,1100,2026-09-19 09:00:00,PCP,강수없음,55,57
wando,완도,20260917,1100,2026-09-19 10:00:00,TMP,23,55,57
wando,완도,20260917,1100,2026-09-19 10:00:00,WSD,5.2,55,57
wando,완도,20260917,1100,2026-09-19 10:00:00,PCP,강수없음,55,57
wando,완도,20260917,1100,2026-09-19 11:00:00,TMP,23,55,57
wando,완도,20260917,1100,2026-09-19 11:00:00,WSD,5.3,55,57
wando,완도,20260917,1100,2026-09-19 11:00:00,PCP,강수없음,55,57
wando,완도,20260917,1100,2026-09-19 12:00:00,TMP,24,55,57
wando,완도,20260917,1100,2026-09-19 12:00:00,WSD,5,55,57
wando,완도,20260917,1100,2026-09-19 12:00:00,PCP,강수없음,55,57
wando,완도,20260917,1100,2026-09-19 13:00:00,TMP,25,55,57
wando,완도,20260917,1100,2026-09-19 13:00:00,WSD,5,55,57
wando,완도,20260917,1100,2026-09-19 13:00:00,PCP,강수없음,55,57
wando,완도,20260917,1100,2026-09-19 14:00:00,TMP,25,55,57
wando,완도,20260917,1100,2026-09-19 14:00:00,WSD,4.5,55,57
wando,완도,20260917,1100,2026-09-19 14:00:00,PCP,강수없음,55,57
wando,완도,20260917,1100,2026-09-19 15:00:00,TMP,25,55,57
wando,완도,20260917,1100,2026-09-19 15:00:00,WSD,4,55,57
wando,완도,20260917,1100,2026-09-19 15:00:00,PCP,강수없음,55,57
wando,완도,20260917,1100,2026-09-19 16:00:00,TMP,24,55,57
wando,완도,20260917,1100,2026-09-19 16:00:00,WSD,3.7,55,57
wando,완도,20260917,1100,2026-09-19 16:00:00,PCP,강수없음,55,57
wando,완도,20260917,1100,2026-09-19 17:00:00,TMP,23,55,57
wando,완도,20260917,1100,2026-09-19 17:00:00,WSD,2.9,55,57
wando,완도,20260917,1100,2026-09-19 17:00:00,PCP,강수없음,55,57
wando,완도,20260917,1100,2026-09-19 18:00:00,TMP,22,55,57
wando,완도,20260917,1100,2026-09-19 18:00:00,WSD,2.3,55,57
wando,완도,20260917,1100,2026-09-19 18:00:00,PCP,강수없음,55,57
wando,완도,20260917,1100,2026-09-19 19:00:00,TMP,21,55,57
wando,완도,20260917,1100,2026-09-19 19:00:00,WSD,1.2,55,57
wando,완도,20260917,1100,2026-09-19 19:00:00,PCP,강수없음,55,57
wando,완도,20260917,1100,2026-09-19 20:00:00,TMP,21,55,57
wando,완도,20260917,1100,2026-09-19 20:00:00,WSD,1,55,57
wando,완도,20260917,1100,2026-09-19 20:00:00,PCP,강수없음,55,57
wando,완도,20260917,1100,2026-09-19 21:00:00,TMP,20,55,57
wando,완도,20260917,1100,2026-09-19 21:00:00,WSD,1.5,55,57
wando,완도,20260917,1100,2026-09-19 21:00:00,PCP,강수없음,55,57
wando,완도,20260917,1100,2026-09-19 22:00:00,TMP,20,55,57
wando,완도,20260917,1100,2026-09-19 22:00:00,WSD,2.5,55,57
wando,완도,20260917,1100,2026-09-19 22:00:00,PCP,강수없음,55,57
wando,완도,20260917,1100,2026-09-19 23:00:00,TMP,20,55,57
wando,완도,20260917,1100,2026-09-19 23:00:00,WSD,3.2,55,57
wando,완도,20260917,1100,2026-09-19 23:00:00,PCP,강수없음,55,57
wando,완도,20260917,1100,2026-09-20 00:00:00,TMP,19,55,57
wando,완도,20260917,1100,2026-09-20 00:00:00,WSD,3,55,57
wando,완도,20260917,1100,2026-09-20 00:00:00,PCP,강수없음,55,57
wando,완도,20260917,1100,2026-09-20 03:00:00,TMP,19,55,57
wando,완도,20260917,1100,2026-09-20 03:00:00,WSD,1,55,57
wando,완도,20260917,1100,2026-09-20 03:00:00,PCP,0,55,57
wando,완도,20260917,1100,2026-09-20 06:00:00,TMP,18,55,57
wando,완도,20260917,1100,2026-09-20 06:00:00,WSD,1,55,57
wando,완도,20260917,1100,2026-09-20 06:00:00,PCP,0,55,57
wando,완도,20260917,1100,2026-09-20 09:00:00,TMP,21,55,57
wando,완도,20260917,1100,2026-09-20 09:00:00,WSD,1,55,57
wando,완도,20260917,1100,2026-09-20 09:00:00,PCP,0,55,57
wando,완도,20260917,1100,2026-09-20 12:00:00,TMP,25,55,57
wando,완도,20260917,1100,2026-09-20 12:00:00,WSD,1,55,57
wando,완도,20260917,1100,2026-09-20 12:00:00,PCP,0,55,57
wando,완도,20260917,1100,2026-09-20 15:00:00,TMP,25,55,57
wando,완도,20260917,1100,2026-09-20 15:00:00,WSD,1,55,57
wando,완도,20260917,1100,2026-09-20 15:00:00,PCP,0,55,57
wando,완도,20260917,1100,2026-09-20 18:00:00,TMP,22,55,57
wando,완도,20260917,1100,2026-09-20 18:00:00,WSD,1,55,57
wando,완도,20260917,1100,2026-09-20 18:00:00,PCP,0,55,57
wando,완도,20260917,1100,2026-09-20 21:00:00,TMP,20,55,57
wando,완도,20260917,1100,2026-09-20 21:00:00,WSD,1,55,57
wando,완도,20260917,1100,2026-09-20 21:00:00,PCP,0,55,57
wando,완도,20260917,1100,2026-09-21 00:00:00,TMP,19,55,57
wando,완도,20260917,1100,2026-09-21 00:00:00,WSD,1,55,57
wando,완도,20260917,1100,2026-09-21 00:00:00,PCP,0,55,57
