species,temp_opt_min,temp_opt_max,temp_lethal,unit,source,note
넙치(광어),21,24,28,celsius,국립수산과학원 「넙치 양식기술 매뉴얼」(2024) 18~19·69~70쪽,적정=21~24℃에서 성장 가장 빠름 / 위험=28℃ 이상 폐사율 급증(26℃ 넘으면 섭식 저하)
조피볼락(우럭),12,21,28,celsius,전라남도 「고수온 위기경보 단계별 조치사항」 조피볼락 가두리 관리매뉴얼 5쪽,적정=서식(적)수온 12~21℃ / 위험=한계 수온 28℃ (수과원 매뉴얼 44쪽은 최적 15~18℃만 제시해 한계 수온 없음)
참돔,18,25,28,celsius,국립수산과학원 「돔류 양식기술 매뉴얼」(2020) 24쪽 표 2-2,적정=성장 수온 18~25℃ / 위험=서식 수온 상한 28℃
감성돔,17,25,27,celsius,국립수산과학원 「돔류 양식기술 매뉴얼」(2020) 24쪽 표 2-2,적정=성장 수온 17~25℃ / 위험=서식 수온 상한 27℃
돌돔,22,26,29,celsius,국립수산과학원 「돔류 양식기술 매뉴얼」(2020) 24쪽 표 2-2,적정=성장 수온 22~26℃ / 위험=서식 수온 상한 29℃
강도다리,13,18,27,celsius,국립수산과학원 「강도다리 양식기술 매뉴얼」(2019) 18~19쪽 표 2-1,적정=적정 사육수온 13~18℃ / 위험=최고 한계수온 27℃(성어) - 현장에서는 26℃에서도 폐사
숭어,17,27,28,celsius,국립수산과학원 「숭어 양식기술 매뉴얼」(2019) 23쪽 표 2-2·85쪽,적정=성장 적수온 17~27℃ / 위험=28℃ 이상이면 사료 공급 중단·산소 공급 (서식 가능 1~33℃)
전복(참전복),20,24,25,celsius,국립수산과학원 「전복 양식기술 매뉴얼」 69·75·106쪽,적정=성장 적수온 20~24℃ / 위험=25℃를 넘지 않게 관리 / 해상가두리 25℃ 이상 폐사 누적
멍게(우렁쉥이),10,20,25,celsius,국립수산과학원 「멍게 양식기술 매뉴얼」(2021) 24·84쪽,적정=성장 적정 10~20℃(84쪽) / 위험=25℃ 이상 대사 장애로 폐사 / 26.5℃ 이상 지속 시 호흡 정지 폐사
굴(참굴),20,26,30,celsius,국립수산과학원 「참굴 양식 표준 매뉴얼」(2016) 9쪽,적정=발생·성육 적합 20~26℃(최적 23~25℃) / 위험=최고 30℃ 한계를 벗어나면 발육 정지
바지락,15,25,30,celsius,국립수산과학원 보도자료 「바지락 적정 서식환경 범위 리플릿 제작·배포」(nifs.go.kr),위험=여름철 수온 30℃ 이상이 9일간 지속(또는 염분 10psu 이하 10일 지속)되면 폐사 유발(원문 인용). 적정 범위(15~25℃)는 공식 수치가 없어 바지락 양식 일반 문헌 기준 추정치
새꼬막,15,25,30,celsius,추정치 - 국립수산과학원 바지락 기준(위 행) 준용,양식장 품종에 '새고막'으로도 표기됨. 수과원 양식기술 매뉴얼 목록에 새꼬막 전용 매뉴얼이 없어 같은 갯벌·수하식 패류인 바지락의 고수온 기준(30℃)을 그대로 적용한 잠정치 - 종 전용 공식 자료 아님
피조개,15,25,30,celsius,추정치 - 국립수산과학원 바지락 기준(위 행) 준용,수과원 양식기술 매뉴얼 목록에 피조개 전용 매뉴얼이 없어 같은 갯벌 패류인 바지락의 고수온 기준(30℃)을 그대로 적용한 잠정치 - 종 전용 공식 자료 아님
꼬막(참꼬막),15,25,30,celsius,추정치 - 국립수산과학원 바지락 기준(위 행) 준용,수과원 양식기술 매뉴얼 목록에 꼬막 전용 매뉴얼이 없어 같은 갯벌 패류인 바지락의 고수온 기준(30℃)을 그대로 적용한 잠정치 - 종 전용 공식 자료 아님
홍합(진주담치),10,20,28,celsius,추정치 - 일반 담치류(Mytilus) 양식 문헌·고수온 피해 보도 기준,수하식(밧줄)이라 갯벌 패류보다 표층 고수온에 먼저 노출된다고 보고 바지락류보다 낮은 28℃를 위험 기준으로 잡음 - 종 전용 공식 매뉴얼 없음
미더덕,10,24,26,celsius,추정치 - 언론 보도(고수온 시 폐사 사례) 기준,공식 매뉴얼은 없으나 현장 보도에서 "적정 수온을 넘으면 속·껍질까지 녹아 사라질 만큼 패류 중에서도 고수온에 특히 민감"하다고 반복 확인돼 위험 기준을 적정 상한(24℃) 바로 위(26℃)로 보수적으로 잡음
김,22,22,22,celsius,국립수산과학원 해조류연구센터 발표(채묘 적정 수온),"주의: 이 숫자는 다른 어종과 뜻이 다름 - '넘으면 위험'이 아니라 '이 온도로 식으면 그때 김발에 종자를 붙인다(채묘)'는 가을 작업 시기 기준. 김은 가을~봄에 기르는 해조류라 여름 고수온 위험 개념 자체가 안 맞음 - app.js가 이 행을 정상/주의/위험 분류에 쓰지 않고 별도 화면으로 처리(2026-09-28)"
